"gillnet_pair <- rep(turtle_data[[1]], 2)",treatment <- ...,metric,value
1,Control,Total biomass BPUE,5.8928845470000004
2,Control,Total biomass BPUE,14.39497706
3,Control,Total biomass BPUE,75.998909190000006
4,Control,Total biomass BPUE,41.205570569999999
5,Control,Total biomass BPUE,39.001304320000003
6,Control,Total biomass BPUE,32.042621089999997
7,Control,Total biomass BPUE,11.833486519999999
8,Control,Total biomass BPUE,48.31866909
9,Control,Total biomass BPUE,30.986558859999999
10,Control,Total biomass BPUE,48.477400690000003
11,Control,Total biomass BPUE,12.34137084
12,Control,Total biomass BPUE,8.6931324249999999
13,Control,Total biomass BPUE,87.271322069999997
14,Control,Total biomass BPUE,77.857141799999994
15,Control,Total biomass BPUE,25.393380359999998
16,Control,Total biomass BPUE,66.502289540000007
17,Control,Total biomass BPUE,39.437350309999999
18,Control,Total biomass BPUE,20.58953503
19,Control,Total biomass BPUE,48.1999712
20,Control,Total biomass BPUE,20.09895547
21,Control,Total biomass BPUE,22.78166251
22,Control,Total biomass BPUE,6.5681970820000002
23,Control,Total biomass BPUE,0.56956618000000003
24,Control,Total biomass BPUE,0.326904217
25,Control,Total biomass BPUE,10.192285010000001
26,Control,Total biomass BPUE,4.0911996589999999
27,Control,Total biomass BPUE,74.693962240000005
28,Control,Total biomass BPUE,25.856372329999999
1,Illuminated,Total biomass BPUE,6.0026678520000001
2,Illuminated,Total biomass BPUE,4.8080936239999996
3,Illuminated,Total biomass BPUE,4.6740726920000002
4,Illuminated,Total biomass BPUE,21.374881569999999
5,Illuminated,Total biomass BPUE,26.678530460000001
6,Illuminated,Total biomass BPUE,15.265312460000001
7,Illuminated,Total biomass BPUE,20.33376123
8,Illuminated,Total biomass BPUE,9.0064734029999993
9,Illuminated,Total biomass BPUE,21.513600029999999
10,Illuminated,Total biomass BPUE,6.1397898580000003
11,Illuminated,Total biomass BPUE,36.095062429999999
12,Illuminated,Total biomass BPUE,42.209310090000002
13,Illuminated,Total biomass BPUE,39.76988961
14,Illuminated,Total biomass BPUE,7.8532195859999998
15,Illuminated,Total biomass BPUE,5.7623049220000002
16,Illuminated,Total biomass BPUE,4.6855002570000002
17,Illuminated,Total biomass BPUE,1.053632838
18,Illuminated,Total biomass BPUE,1.3172659410000001
19,Illuminated,Total biomass BPUE,0.47358762399999998
20,Illuminated,Total biomass BPUE,1.0221827859999999
21,Illuminated,Total biomass BPUE,3.0849290310000002
22,Illuminated,Total biomass BPUE,1.4245014250000001
23,Illuminated,Total biomass BPUE,0
24,Illuminated,Total biomass BPUE,1.7377704410000001
25,Illuminated,Total biomass BPUE,9.8440597630000006
26,Illuminated,Total biomass BPUE,13.4180838
27,Illuminated,Total biomass BPUE,14.584346139999999
28,Illuminated,Total biomass BPUE,14.34099704
1,Control,Non-finfish biomass BPUE,0
2,Control,Non-finfish biomass BPUE,5.758
3,Control,Non-finfish biomass BPUE,68.145077720000003
4,Control,Non-finfish biomass BPUE,27.902722929999999
5,Control,Non-finfish biomass BPUE,34.895899999999997
6,Control,Non-finfish biomass BPUE,25.3672
7,Control,Non-finfish biomass BPUE,5.9169999999999998
8,Control,Non-finfish biomass BPUE,34.439894199999998
9,Control,Non-finfish biomass BPUE,21.904199999999999
10,Control,Non-finfish biomass BPUE,42.507290930000003
11,Control,Non-finfish biomass BPUE,2.6619999999999999
12,Control,Non-finfish biomass BPUE,0
13,Control,Non-finfish biomass BPUE,81.474903130000001
14,Control,Non-finfish biomass BPUE,77.267300000000006
15,Control,Non-finfish biomass BPUE,22.4634
16,Control,Non-finfish biomass BPUE,57.485078870000002
17,Control,Non-finfish biomass BPUE,38.627651919999998
18,Control,Non-finfish biomass BPUE,20.132000000000001
19,Control,Non-finfish biomass BPUE,47.246644490000001
20,Control,Non-finfish biomass BPUE,18.44969764
21,Control,Non-finfish biomass BPUE,7.7789999999999999
22,Control,Non-finfish biomass BPUE,3.2839999999999998
23,Control,Non-finfish biomass BPUE,0
24,Control,Non-finfish biomass BPUE,0
25,Control,Non-finfish biomass BPUE,0
26,Control,Non-finfish biomass BPUE,0
27,Control,Non-finfish biomass BPUE,0
28,Control,Non-finfish biomass BPUE,6.4640000000000004
1,Illuminated,Non-finfish biomass BPUE,0
2,Illuminated,Non-finfish biomass BPUE,0
3,Illuminated,Non-finfish biomass BPUE,0
4,Illuminated,Non-finfish biomass BPUE,15.31108538
5,Illuminated,Non-finfish biomass BPUE,25.077819030000001
6,Illuminated,Non-finfish biomass BPUE,9.0638000000000005
7,Illuminated,Non-finfish biomass BPUE,16.636713740000001
8,Illuminated,Non-finfish biomass BPUE,0
9,Illuminated,Non-finfish biomass BPUE,20.47829904
10,Illuminated,Non-finfish biomass BPUE,0
11,Illuminated,Non-finfish biomass BPUE,31.31805576
12,Illuminated,Non-finfish biomass BPUE,40.6064249
13,Illuminated,Non-finfish biomass BPUE,35.2887384
14,Illuminated,Non-finfish biomass BPUE,5.6093999999999999
15,Illuminated,Non-finfish biomass BPUE,5.2385000000000002
16,Illuminated,Non-finfish biomass BPUE,0
17,Illuminated,Non-finfish biomass BPUE,0
18,Illuminated,Non-finfish biomass BPUE,0
19,Illuminated,Non-finfish biomass BPUE,0
20,Illuminated,Non-finfish biomass BPUE,0
21,Illuminated,Non-finfish biomass BPUE,0
22,Illuminated,Non-finfish biomass BPUE,0
23,Illuminated,Non-finfish biomass BPUE,0
24,Illuminated,Non-finfish biomass BPUE,0
25,Illuminated,Non-finfish biomass BPUE,0
26,Illuminated,Non-finfish biomass BPUE,0
27,Illuminated,Non-finfish biomass BPUE,0
28,Illuminated,Non-finfish biomass BPUE,0
1,Control,Finfish biomass BPUE,5.8928845470000004
2,Control,Finfish biomass BPUE,8.6369770579999994
3,Control,Finfish biomass BPUE,7.8538314700000003
4,Control,Finfish biomass BPUE,13.30284764
5,Control,Finfish biomass BPUE,4.1054043199999999
6,Control,Finfish biomass BPUE,6.6754210939999998
7,Control,Finfish biomass BPUE,5.9164865170000001
8,Control,Finfish biomass BPUE,13.8787749
9,Control,Finfish biomass BPUE,9.0823588609999995
10,Control,Finfish biomass BPUE,5.9701097589999996
11,Control,Finfish biomass BPUE,9.6793708410000008
12,Control,Finfish biomass BPUE,8.6931324249999999
13,Control,Finfish biomass BPUE,5.7964189429999999
14,Control,Finfish biomass BPUE,0.58984180399999997
15,Control,Finfish biomass BPUE,2.9299803579999999
16,Control,Finfish biomass BPUE,9.0172106729999992
17,Control,Finfish biomass BPUE,0.80969838699999996
18,Control,Finfish biomass BPUE,0.45753503000000001
19,Control,Finfish biomass BPUE,0.95332671300000005
20,Control,Finfish biomass BPUE,1.6492578339999999
21,Control,Finfish biomass BPUE,15.00266251
22,Control,Finfish biomass BPUE,3.2841970819999999
23,Control,Finfish biomass BPUE,0.56956618000000003
24,Control,Finfish biomass BPUE,0.326904217
25,Control,Finfish biomass BPUE,10.192285010000001
26,Control,Finfish biomass BPUE,4.0911996589999999
27,Control,Finfish biomass BPUE,74.693962240000005
28,Control,Finfish biomass BPUE,19.392372330000001
1,Illuminated,Finfish biomass BPUE,6.0026678520000001
2,Illuminated,Finfish biomass BPUE,4.8080936239999996
3,Illuminated,Finfish biomass BPUE,4.6740726920000002
4,Illuminated,Finfish biomass BPUE,6.0637961889999996
5,Illuminated,Finfish biomass BPUE,1.600711427
6,Illuminated,Finfish biomass BPUE,6.2015124630000003
7,Illuminated,Finfish biomass BPUE,3.6970474969999998
8,Illuminated,Finfish biomass BPUE,9.0064734029999993
9,Illuminated,Finfish biomass BPUE,1.035300992
10,Illuminated,Finfish biomass BPUE,6.1397898580000003
11,Illuminated,Finfish biomass BPUE,4.777006675
12,Illuminated,Finfish biomass BPUE,1.6028851930000001
13,Illuminated,Finfish biomass BPUE,4.4811512029999996
14,Illuminated,Finfish biomass BPUE,2.2438195859999999
15,Illuminated,Finfish biomass BPUE,0.52380492199999995
16,Illuminated,Finfish biomass BPUE,4.6855002570000002
17,Illuminated,Finfish biomass BPUE,1.053632838
18,Illuminated,Finfish biomass BPUE,1.3172659410000001
19,Illuminated,Finfish biomass BPUE,0.47358762399999998
20,Illuminated,Finfish biomass BPUE,1.0221827859999999
21,Illuminated,Finfish biomass BPUE,3.0849290310000002
22,Illuminated,Finfish biomass BPUE,1.4245014250000001
23,Illuminated,Finfish biomass BPUE,0
24,Illuminated,Finfish biomass BPUE,1.7377704410000001
25,Illuminated,Finfish biomass BPUE,9.8440597630000006
26,Illuminated,Finfish biomass BPUE,13.4180838
27,Illuminated,Finfish biomass BPUE,14.584346139999999
28,Illuminated,Finfish biomass BPUE,14.34099704
1,Control,Elasmobranch biomass BPUE,0
2,Control,Elasmobranch biomass BPUE,5.758
3,Control,Elasmobranch biomass BPUE,0
4,Control,Elasmobranch biomass BPUE,0
5,Control,Elasmobranch biomass BPUE,0
6,Control,Elasmobranch biomass BPUE,22.696999999999999
7,Control,Elasmobranch biomass BPUE,5.9169999999999998
8,Control,Elasmobranch biomass BPUE,0.51400000000000001
9,Control,Elasmobranch biomass BPUE,0.53400000000000003
10,Control,Elasmobranch biomass BPUE,2.2959999999999998
11,Control,Elasmobranch biomass BPUE,2.6619999999999999
12,Control,Elasmobranch biomass BPUE,0
13,Control,Elasmobranch biomass BPUE,0
14,Control,Elasmobranch biomass BPUE,0.59
15,Control,Elasmobranch biomass BPUE,0
16,Control,Elasmobranch biomass BPUE,0
17,Control,Elasmobranch biomass BPUE,20.512
18,Control,Elasmobranch biomass BPUE,20.132000000000001
19,Control,Elasmobranch biomass BPUE,15.253
20,Control,Elasmobranch biomass BPUE,0
21,Control,Elasmobranch biomass BPUE,7.7789999999999999
22,Control,Elasmobranch biomass BPUE,3.2839999999999998
23,Control,Elasmobranch biomass BPUE,0
24,Control,Elasmobranch biomass BPUE,0
25,Control,Elasmobranch biomass BPUE,0
26,Control,Elasmobranch biomass BPUE,0
27,Control,Elasmobranch biomass BPUE,0
28,Control,Elasmobranch biomass BPUE,6.4640000000000004
1,Illuminated,Elasmobranch biomass BPUE,0
2,Illuminated,Elasmobranch biomass BPUE,0
3,Illuminated,Elasmobranch biomass BPUE,0
4,Illuminated,Elasmobranch biomass BPUE,0
5,Illuminated,Elasmobranch biomass BPUE,3.7349999999999999
6,Illuminated,Elasmobranch biomass BPUE,0.47699999999999998
7,Illuminated,Elasmobranch biomass BPUE,0
8,Illuminated,Elasmobranch biomass BPUE,0
9,Illuminated,Elasmobranch biomass BPUE,0.51800000000000002
10,Illuminated,Elasmobranch biomass BPUE,0
11,Illuminated,Elasmobranch biomass BPUE,0
12,Illuminated,Elasmobranch biomass BPUE,0
13,Illuminated,Elasmobranch biomass BPUE,0.56000000000000005
14,Illuminated,Elasmobranch biomass BPUE,0
15,Illuminated,Elasmobranch biomass BPUE,0
16,Illuminated,Elasmobranch biomass BPUE,0
17,Illuminated,Elasmobranch biomass BPUE,0
18,Illuminated,Elasmobranch biomass BPUE,0
19,Illuminated,Elasmobranch biomass BPUE,0
20,Illuminated,Elasmobranch biomass BPUE,0
21,Illuminated,Elasmobranch biomass BPUE,0
22,Illuminated,Elasmobranch biomass BPUE,0
23,Illuminated,Elasmobranch biomass BPUE,0
24,Illuminated,Elasmobranch biomass BPUE,0
25,Illuminated,Elasmobranch biomass BPUE,0
26,Illuminated,Elasmobranch biomass BPUE,0
27,Illuminated,Elasmobranch biomass BPUE,0
28,Illuminated,Elasmobranch biomass BPUE,0
1,Control,Humboldt squid biomass BPUE,0
2,Control,Humboldt squid biomass BPUE,0
3,Control,Humboldt squid biomass BPUE,0
4,Control,Humboldt squid biomass BPUE,0
5,Control,Humboldt squid biomass BPUE,34.895899999999997
6,Control,Humboldt squid biomass BPUE,2.6701999999999999
7,Control,Humboldt squid biomass BPUE,0
8,Control,Humboldt squid biomass BPUE,0
9,Control,Humboldt squid biomass BPUE,21.370200000000001
10,Control,Humboldt squid biomass BPUE,8.2664000000000009
11,Control,Humboldt squid biomass BPUE,0
12,Control,Humboldt squid biomass BPUE,0
13,Control,Humboldt squid biomass BPUE,42.314100000000003
14,Control,Humboldt squid biomass BPUE,76.677300000000002
15,Control,Humboldt squid biomass BPUE,22.4634
16,Control,Humboldt squid biomass BPUE,3.9451000000000001
17,Control,Humboldt squid biomass BPUE,0
18,Control,Humboldt squid biomass BPUE,0
19,Control,Humboldt squid biomass BPUE,0
20,Control,Humboldt squid biomass BPUE,0
21,Control,Humboldt squid biomass BPUE,0
22,Control,Humboldt squid biomass BPUE,0
23,Control,Humboldt squid biomass BPUE,0
24,Control,Humboldt squid biomass BPUE,0
25,Control,Humboldt squid biomass BPUE,0
26,Control,Humboldt squid biomass BPUE,0
27,Control,Humboldt squid biomass BPUE,0
28,Control,Humboldt squid biomass BPUE,0
1,Illuminated,Humboldt squid biomass BPUE,0
2,Illuminated,Humboldt squid biomass BPUE,0
3,Illuminated,Humboldt squid biomass BPUE,0
4,Illuminated,Humboldt squid biomass BPUE,0
5,Illuminated,Humboldt squid biomass BPUE,0
6,Illuminated,Humboldt squid biomass BPUE,8.5868000000000002
7,Illuminated,Humboldt squid biomass BPUE,0
8,Illuminated,Humboldt squid biomass BPUE,0
9,Illuminated,Humboldt squid biomass BPUE,2.5882000000000001
10,Illuminated,Humboldt squid biomass BPUE,0
11,Illuminated,Humboldt squid biomass BPUE,0
12,Illuminated,Humboldt squid biomass BPUE,0
13,Illuminated,Humboldt squid biomass BPUE,17.924499999999998
14,Illuminated,Humboldt squid biomass BPUE,5.6093999999999999
15,Illuminated,Humboldt squid biomass BPUE,5.2385000000000002
16,Illuminated,Humboldt squid biomass BPUE,0
17,Illuminated,Humboldt squid biomass BPUE,0
18,Illuminated,Humboldt squid biomass BPUE,0
19,Illuminated,Humboldt squid biomass BPUE,0
20,Illuminated,Humboldt squid biomass BPUE,0
21,Illuminated,Humboldt squid biomass BPUE,0
22,Illuminated,Humboldt squid biomass BPUE,0
23,Illuminated,Humboldt squid biomass BPUE,0
24,Illuminated,Humboldt squid biomass BPUE,0
25,Illuminated,Humboldt squid biomass BPUE,0
26,Illuminated,Humboldt squid biomass BPUE,0
27,Illuminated,Humboldt squid biomass BPUE,0
28,Illuminated,Humboldt squid biomass BPUE,0
1,Control,Loggerhead turtle biomass BPUE,0
2,Control,Loggerhead turtle biomass BPUE,0
3,Control,Loggerhead turtle biomass BPUE,68.145077720000003
4,Control,Loggerhead turtle biomass BPUE,27.902722929999999
5,Control,Loggerhead turtle biomass BPUE,0
6,Control,Loggerhead turtle biomass BPUE,0
7,Control,Loggerhead turtle biomass BPUE,0
8,Control,Loggerhead turtle biomass BPUE,33.925894200000002
9,Control,Loggerhead turtle biomass BPUE,0
10,Control,Loggerhead turtle biomass BPUE,31.94489093
11,Control,Loggerhead turtle biomass BPUE,0
12,Control,Loggerhead turtle biomass BPUE,0
13,Control,Loggerhead turtle biomass BPUE,39.160803129999998
14,Control,Loggerhead turtle biomass BPUE,0
15,Control,Loggerhead turtle biomass BPUE,0
16,Control,Loggerhead turtle biomass BPUE,53.539978869999999
17,Control,Loggerhead turtle biomass BPUE,18.115651920000001
18,Control,Loggerhead turtle biomass BPUE,0
19,Control,Loggerhead turtle biomass BPUE,31.993644490000001
20,Control,Loggerhead turtle biomass BPUE,18.44969764
21,Control,Loggerhead turtle biomass BPUE,0
22,Control,Loggerhead turtle biomass BPUE,0
23,Control,Loggerhead turtle biomass BPUE,0
24,Control,Loggerhead turtle biomass BPUE,0
25,Control,Loggerhead turtle biomass BPUE,0
26,Control,Loggerhead turtle biomass BPUE,0
27,Control,Loggerhead turtle biomass BPUE,0
28,Control,Loggerhead turtle biomass BPUE,0
1,Illuminated,Loggerhead turtle biomass BPUE,0
2,Illuminated,Loggerhead turtle biomass BPUE,0
3,Illuminated,Loggerhead turtle biomass BPUE,0
4,Illuminated,Loggerhead turtle biomass BPUE,15.31108538
5,Illuminated,Loggerhead turtle biomass BPUE,21.342819030000001
6,Illuminated,Loggerhead turtle biomass BPUE,0
7,Illuminated,Loggerhead turtle biomass BPUE,16.636713740000001
8,Illuminated,Loggerhead turtle biomass BPUE,0
9,Illuminated,Loggerhead turtle biomass BPUE,17.372099039999998
10,Illuminated,Loggerhead turtle biomass BPUE,0
11,Illuminated,Loggerhead turtle biomass BPUE,31.31805576
12,Illuminated,Loggerhead turtle biomass BPUE,40.6064249
13,Illuminated,Loggerhead turtle biomass BPUE,16.804238399999999
14,Illuminated,Loggerhead turtle biomass BPUE,0
15,Illuminated,Loggerhead turtle biomass BPUE,0
16,Illuminated,Loggerhead turtle biomass BPUE,0
17,Illuminated,Loggerhead turtle biomass BPUE,0
18,Illuminated,Loggerhead turtle biomass BPUE,0
19,Illuminated,Loggerhead turtle biomass BPUE,0
20,Illuminated,Loggerhead turtle biomass BPUE,0
21,Illuminated,Loggerhead turtle biomass BPUE,0
22,Illuminated,Loggerhead turtle biomass BPUE,0
23,Illuminated,Loggerhead turtle biomass BPUE,0
24,Illuminated,Loggerhead turtle biomass BPUE,0
25,Illuminated,Loggerhead turtle biomass BPUE,0
26,Illuminated,Loggerhead turtle biomass BPUE,0
27,Illuminated,Loggerhead turtle biomass BPUE,0
28,Illuminated,Loggerhead turtle biomass BPUE,0
1,Control,Loggerhead turtle number BPUE,0
2,Control,Loggerhead turtle number BPUE,0
3,Control,Loggerhead turtle number BPUE,1.9634578674665941
4,Control,Loggerhead turtle number BPUE,0.8314279775514446
5,Control,Loggerhead turtle number BPUE,0
6,Control,Loggerhead turtle number BPUE,0
7,Control,Loggerhead turtle number BPUE,0
8,Control,Loggerhead turtle number BPUE,1.0280573998714928
9,Control,Loggerhead turtle number BPUE,0
10,Control,Loggerhead turtle number BPUE,0.91848450057405273
11,Control,Loggerhead turtle number BPUE,0
12,Control,Loggerhead turtle number BPUE,0
13,Control,Loggerhead turtle number BPUE,1.1592896130870916
14,Control,Loggerhead turtle number BPUE,0
15,Control,Loggerhead turtle number BPUE,0
16,Control,Loggerhead turtle number BPUE,1.6907361747094045
17,Control,Loggerhead turtle number BPUE,0.53979892490047465
18,Control,Loggerhead turtle number BPUE,0
19,Control,Loggerhead turtle number BPUE,0.95332671300893734
20,Control,Loggerhead turtle number BPUE,0.54975261132490383
21,Control,Loggerhead turtle number BPUE,0
22,Control,Loggerhead turtle number BPUE,0
23,Control,Loggerhead turtle number BPUE,0
24,Control,Loggerhead turtle number BPUE,0
25,Control,Loggerhead turtle number BPUE,0
26,Control,Loggerhead turtle number BPUE,0
27,Control,Loggerhead turtle number BPUE,0
28,Control,Loggerhead turtle number BPUE,0
1,Illuminated,Loggerhead turtle number BPUE,0
2,Illuminated,Loggerhead turtle number BPUE,0
3,Illuminated,Loggerhead turtle number BPUE,0
4,Illuminated,Loggerhead turtle number BPUE,0.75797452363406681
5,Illuminated,Loggerhead turtle number BPUE,0.53357047576700756
6,Illuminated,Loggerhead turtle number BPUE,0
7,Illuminated,Loggerhead turtle number BPUE,0.46213093709884473
8,Illuminated,Loggerhead turtle number BPUE,0
9,Illuminated,Loggerhead turtle number BPUE,0.51764299887844023
10,Illuminated,Loggerhead turtle number BPUE,0
11,Illuminated,Loggerhead turtle number BPUE,0.95540133490797619
12,Illuminated,Loggerhead turtle number BPUE,1.0685901288986841
13,Illuminated,Loggerhead turtle number BPUE,0.56014128007841979
14,Illuminated,Loggerhead turtle number BPUE,0
15,Illuminated,Loggerhead turtle number BPUE,0
16,Illuminated,Loggerhead turtle number BPUE,0
17,Illuminated,Loggerhead turtle number BPUE,0
18,Illuminated,Loggerhead turtle number BPUE,0
19,Illuminated,Loggerhead turtle number BPUE,0
20,Illuminated,Loggerhead turtle number BPUE,0
21,Illuminated,Loggerhead turtle number BPUE,0
22,Illuminated,Loggerhead turtle number BPUE,0
23,Illuminated,Loggerhead turtle number BPUE,0
24,Illuminated,Loggerhead turtle number BPUE,0
25,Illuminated,Loggerhead turtle number BPUE,0
26,Illuminated,Loggerhead turtle number BPUE,0
27,Illuminated,Loggerhead turtle number BPUE,0
28,Illuminated,Loggerhead turtle number BPUE,0
1,Control,Total target fish biomass CPUE,0
2,Control,Total target fish biomass CPUE,0
3,Control,Total target fish biomass CPUE,0
4,Control,Total target fish biomass CPUE,0
5,Control,Total target fish biomass CPUE,0
6,Control,Total target fish biomass CPUE,0
7,Control,Total target fish biomass CPUE,0
8,Control,Total target fish biomass CPUE,0
9,Control,Total target fish biomass CPUE,0
10,Control,Total target fish biomass CPUE,2.0666013780000001
11,Control,Total target fish biomass CPUE,5.0816966729999997
12,Control,Total target fish biomass CPUE,0.57957108099999999
13,Control,Total target fish biomass CPUE,0
14,Control,Total target fish biomass CPUE,1.1796765300000001
15,Control,Total target fish biomass CPUE,0
16,Control,Total target fish biomass CPUE,0
17,Control,Total target fish biomass CPUE,0
18,Control,Total target fish biomass CPUE,0
19,Control,Total target fish biomass CPUE,0
20,Control,Total target fish biomass CPUE,1.6492578339999999
21,Control,Total target fish biomass CPUE,4.4451999999999998
22,Control,Total target fish biomass CPUE,0.82099999999999995
23,Control,Total target fish biomass CPUE,7.1195772550000003
24,Control,Total target fish biomass CPUE,0.98071265100000005
25,Control,Total target fish biomass CPUE,5.3792999999999997
26,Control,Total target fish biomass CPUE,2.3012999999999999
27,Control,Total target fish biomass CPUE,27.63676603
28,Control,Total target fish biomass CPUE,12.28178688
1,Illuminated,Total target fish biomass CPUE,1.333926189
2,Illuminated,Total target fish biomass CPUE,0
3,Illuminated,Total target fish biomass CPUE,0
4,Illuminated,Total target fish biomass CPUE,0
5,Illuminated,Total target fish biomass CPUE,0
6,Illuminated,Total target fish biomass CPUE,0.95412701300000002
7,Illuminated,Total target fish biomass CPUE,0
8,Illuminated,Total target fish biomass CPUE,0
9,Illuminated,Total target fish biomass CPUE,0
10,Illuminated,Total target fish biomass CPUE,2.631338511
11,Illuminated,Total target fish biomass CPUE,3.105054338
12,Illuminated,Total target fish biomass CPUE,0.53429506400000004
13,Illuminated,Total target fish biomass CPUE,0
14,Illuminated,Total target fish biomass CPUE,0
15,Illuminated,Total target fish biomass CPUE,0
16,Illuminated,Total target fish biomass CPUE,2.8633612679999998
17,Illuminated,Total target fish biomass CPUE,0
18,Illuminated,Total target fish biomass CPUE,0.439088647
19,Illuminated,Total target fish biomass CPUE,0.47358762399999998
20,Illuminated,Total target fish biomass CPUE,0
21,Illuminated,Total target fish biomass CPUE,0.56089999999999995
22,Illuminated,Total target fish biomass CPUE,8.5470085470000008
23,Illuminated,Total target fish biomass CPUE,4.8364153630000004
24,Illuminated,Total target fish biomass CPUE,0
25,Illuminated,Total target fish biomass CPUE,10.11750587
26,Illuminated,Total target fish biomass CPUE,13.8973
27,Illuminated,Total target fish biomass CPUE,12.882839089999999
28,Illuminated,Total target fish biomass CPUE,12.2923075
1,Control,Total primary target fish biomass CPUE,0
2,Control,Total primary target fish biomass CPUE,0
3,Control,Total primary target fish biomass CPUE,0
4,Control,Total primary target fish biomass CPUE,0
5,Control,Total primary target fish biomass CPUE,0
6,Control,Total primary target fish biomass CPUE,0
7,Control,Total primary target fish biomass CPUE,0
8,Control,Total primary target fish biomass CPUE,0
9,Control,Total primary target fish biomass CPUE,0
10,Control,Total primary target fish biomass CPUE,0.22962112514351318
11,Control,Total primary target fish biomass CPUE,2.4198427102238358
12,Control,Total primary target fish biomass CPUE,0.57957108084613163
13,Control,Total primary target fish biomass CPUE,0
14,Control,Total primary target fish biomass CPUE,0
15,Control,Total primary target fish biomass CPUE,0
16,Control,Total primary target fish biomass CPUE,0
17,Control,Total primary target fish biomass CPUE,0
18,Control,Total primary target fish biomass CPUE,0
19,Control,Total primary target fish biomass CPUE,0
20,Control,Total primary target fish biomass CPUE,1.3743815283122596
21,Control,Total primary target fish biomass CPUE,4.4451999999999998
22,Control,Total primary target fish biomass CPUE,0.82099999999999995
23,Control,Total primary target fish biomass CPUE,3.4174000000000002
24,Control,Total primary target fish biomass CPUE,0
25,Control,Total primary target fish biomass CPUE,5.3792999999999997
26,Control,Total primary target fish biomass CPUE,2.3012999999999999
27,Control,Total primary target fish biomass CPUE,13.942839622380525
28,Control,Total primary target fish biomass CPUE,12.281786877828054
1,Illuminated,Total primary target fish biomass CPUE,0
2,Illuminated,Total primary target fish biomass CPUE,0
3,Illuminated,Total primary target fish biomass CPUE,0
4,Illuminated,Total primary target fish biomass CPUE,0
5,Illuminated,Total primary target fish biomass CPUE,0
6,Illuminated,Total primary target fish biomass CPUE,0
7,Illuminated,Total primary target fish biomass CPUE,0
8,Illuminated,Total primary target fish biomass CPUE,0
9,Illuminated,Total primary target fish biomass CPUE,0
10,Illuminated,Total primary target fish biomass CPUE,1.5349474645957057
11,Illuminated,Total primary target fish biomass CPUE,0
12,Illuminated,Total primary target fish biomass CPUE,0.53429506444934205
13,Illuminated,Total primary target fish biomass CPUE,0
14,Illuminated,Total primary target fish biomass CPUE,0
15,Illuminated,Total primary target fish biomass CPUE,0
16,Illuminated,Total primary target fish biomass CPUE,1.0411999999999999
17,Illuminated,Total primary target fish biomass CPUE,0
18,Illuminated,Total primary target fish biomass CPUE,0
19,Illuminated,Total primary target fish biomass CPUE,0.47358762357677053
20,Illuminated,Total primary target fish biomass CPUE,0
21,Illuminated,Total primary target fish biomass CPUE,0.56090000000000007
22,Illuminated,Total primary target fish biomass CPUE,0.56979999999999997
23,Illuminated,Total primary target fish biomass CPUE,3.6983999999999999
24,Illuminated,Total primary target fish biomass CPUE,0
25,Illuminated,Total primary target fish biomass CPUE,10.117500000000001
26,Illuminated,Total primary target fish biomass CPUE,13.8973
27,Illuminated,Total primary target fish biomass CPUE,7.0490519202722401
28,Illuminated,Total primary target fish biomass CPUE,12.292307498943122
1,Control,Halibut target biomass CPUE,0
2,Control,Halibut target biomass CPUE,0
3,Control,Halibut target biomass CPUE,0
4,Control,Halibut target biomass CPUE,0
5,Control,Halibut target biomass CPUE,0
6,Control,Halibut target biomass CPUE,0
7,Control,Halibut target biomass CPUE,0
8,Control,Halibut target biomass CPUE,0
9,Control,Halibut target biomass CPUE,0
10,Control,Halibut target biomass CPUE,0
11,Control,Halibut target biomass CPUE,0
12,Control,Halibut target biomass CPUE,0.2898
13,Control,Halibut target biomass CPUE,0
14,Control,Halibut target biomass CPUE,0
15,Control,Halibut target biomass CPUE,0
16,Control,Halibut target biomass CPUE,0
17,Control,Halibut target biomass CPUE,0
18,Control,Halibut target biomass CPUE,0
19,Control,Halibut target biomass CPUE,0
20,Control,Halibut target biomass CPUE,0
21,Control,Halibut target biomass CPUE,4.4451999999999998
22,Control,Halibut target biomass CPUE,0.82099999999999995
23,Control,Halibut target biomass CPUE,3.4174000000000002
24,Control,Halibut target biomass CPUE,0
25,Control,Halibut target biomass CPUE,5.3792999999999997
26,Control,Halibut target biomass CPUE,2.3012999999999999
27,Control,Halibut target biomass CPUE,13.1959
28,Control,Halibut target biomass CPUE,7.7568999999999999
1,Illuminated,Halibut target biomass CPUE,0
2,Illuminated,Halibut target biomass CPUE,0
3,Illuminated,Halibut target biomass CPUE,0
4,Illuminated,Halibut target biomass CPUE,0
5,Illuminated,Halibut target biomass CPUE,0
6,Illuminated,Halibut target biomass CPUE,0
7,Illuminated,Halibut target biomass CPUE,0
8,Illuminated,Halibut target biomass CPUE,0
9,Illuminated,Halibut target biomass CPUE,0
10,Illuminated,Halibut target biomass CPUE,0
11,Illuminated,Halibut target biomass CPUE,0
12,Illuminated,Halibut target biomass CPUE,0
13,Illuminated,Halibut target biomass CPUE,0
14,Illuminated,Halibut target biomass CPUE,0
15,Illuminated,Halibut target biomass CPUE,0
16,Illuminated,Halibut target biomass CPUE,1.0411999999999999
17,Illuminated,Halibut target biomass CPUE,0
18,Illuminated,Halibut target biomass CPUE,0
19,Illuminated,Halibut target biomass CPUE,0
20,Illuminated,Halibut target biomass CPUE,0
21,Illuminated,Halibut target biomass CPUE,0.56089999999999995
22,Illuminated,Halibut target biomass CPUE,0.56979999999999997
23,Illuminated,Halibut target biomass CPUE,3.6983999999999999
24,Illuminated,Halibut target biomass CPUE,0
25,Illuminated,Halibut target biomass CPUE,10.1175
26,Illuminated,Halibut target biomass CPUE,13.8973
27,Illuminated,Halibut target biomass CPUE,4.8613999999999997
28,Illuminated,Halibut target biomass CPUE,9.0729000000000006
1,Control,Grouper target biomass CPUE,0
2,Control,Grouper target biomass CPUE,0
3,Control,Grouper target biomass CPUE,0
4,Control,Grouper target biomass CPUE,0
5,Control,Grouper target biomass CPUE,0
6,Control,Grouper target biomass CPUE,0
7,Control,Grouper target biomass CPUE,0
8,Control,Grouper target biomass CPUE,0
9,Control,Grouper target biomass CPUE,0
10,Control,Grouper target biomass CPUE,0.22962112500000001
11,Control,Grouper target biomass CPUE,2.4198427100000002
12,Control,Grouper target biomass CPUE,0.28977108099999999
13,Control,Grouper target biomass CPUE,0
14,Control,Grouper target biomass CPUE,0
15,Control,Grouper target biomass CPUE,0
16,Control,Grouper target biomass CPUE,0
17,Control,Grouper target biomass CPUE,0
18,Control,Grouper target biomass CPUE,0
19,Control,Grouper target biomass CPUE,0
20,Control,Grouper target biomass CPUE,1.374381528
21,Control,Grouper target biomass CPUE,0
22,Control,Grouper target biomass CPUE,0
23,Control,Grouper target biomass CPUE,0
24,Control,Grouper target biomass CPUE,0
25,Control,Grouper target biomass CPUE,0
26,Control,Grouper target biomass CPUE,0
27,Control,Grouper target biomass CPUE,0.74693962199999997
28,Control,Grouper target biomass CPUE,4.5248868780000002
1,Illuminated,Grouper target biomass CPUE,0
2,Illuminated,Grouper target biomass CPUE,0
3,Illuminated,Grouper target biomass CPUE,0
4,Illuminated,Grouper target biomass CPUE,0
5,Illuminated,Grouper target biomass CPUE,0
6,Illuminated,Grouper target biomass CPUE,0
7,Illuminated,Grouper target biomass CPUE,0
8,Illuminated,Grouper target biomass CPUE,0
9,Illuminated,Grouper target biomass CPUE,0
10,Illuminated,Grouper target biomass CPUE,1.5349474649999999
11,Illuminated,Grouper target biomass CPUE,0
12,Illuminated,Grouper target biomass CPUE,0.53429506400000004
13,Illuminated,Grouper target biomass CPUE,0
14,Illuminated,Grouper target biomass CPUE,0
15,Illuminated,Grouper target biomass CPUE,0
16,Illuminated,Grouper target biomass CPUE,0
17,Illuminated,Grouper target biomass CPUE,0
18,Illuminated,Grouper target biomass CPUE,0
19,Illuminated,Grouper target biomass CPUE,0.47358762399999998
20,Illuminated,Grouper target biomass CPUE,0
21,Illuminated,Grouper target biomass CPUE,0
22,Illuminated,Grouper target biomass CPUE,0
23,Illuminated,Grouper target biomass CPUE,0
24,Illuminated,Grouper target biomass CPUE,0
25,Illuminated,Grouper target biomass CPUE,0
26,Illuminated,Grouper target biomass CPUE,0
27,Illuminated,Grouper target biomass CPUE,2.18765192
28,Illuminated,Grouper target biomass CPUE,3.2194074989999999
1,Control,Total secondary target fish biomass CPUE,0
2,Control,Total secondary target fish biomass CPUE,0
3,Control,Total secondary target fish biomass CPUE,0
4,Control,Total secondary target fish biomass CPUE,0
5,Control,Total secondary target fish biomass CPUE,0
6,Control,Total secondary target fish biomass CPUE,0
7,Control,Total secondary target fish biomass CPUE,0
8,Control,Total secondary target fish biomass CPUE,0
9,Control,Total secondary target fish biomass CPUE,0
10,Control,Total secondary target fish biomass CPUE,1.8369802529999999
11,Control,Total secondary target fish biomass CPUE,2.661853963
12,Control,Total secondary target fish biomass CPUE,0
13,Control,Total secondary target fish biomass CPUE,0
14,Control,Total secondary target fish biomass CPUE,1.1796765300000001
15,Control,Total secondary target fish biomass CPUE,0
16,Control,Total secondary target fish biomass CPUE,0
17,Control,Total secondary target fish biomass CPUE,0
18,Control,Total secondary target fish biomass CPUE,0
19,Control,Total secondary target fish biomass CPUE,0
20,Control,Total secondary target fish biomass CPUE,0.27487630600000001
21,Control,Total secondary target fish biomass CPUE,0
22,Control,Total secondary target fish biomass CPUE,0
23,Control,Total secondary target fish biomass CPUE,3.7021772550000001
24,Control,Total secondary target fish biomass CPUE,0.98099999999999998
25,Control,Total secondary target fish biomass CPUE,0
26,Control,Total secondary target fish biomass CPUE,0
27,Control,Total secondary target fish biomass CPUE,13.69392641
28,Control,Total secondary target fish biomass CPUE,0
1,Illuminated,Total secondary target fish biomass CPUE,1.333926189
2,Illuminated,Total secondary target fish biomass CPUE,0
3,Illuminated,Total secondary target fish biomass CPUE,0
4,Illuminated,Total secondary target fish biomass CPUE,0
5,Illuminated,Total secondary target fish biomass CPUE,0
6,Illuminated,Total secondary target fish biomass CPUE,0.95412701300000002
7,Illuminated,Total secondary target fish biomass CPUE,0
8,Illuminated,Total secondary target fish biomass CPUE,0
9,Illuminated,Total secondary target fish biomass CPUE,0
10,Illuminated,Total secondary target fish biomass CPUE,1.0963910459999999
11,Illuminated,Total secondary target fish biomass CPUE,3.105054338
12,Illuminated,Total secondary target fish biomass CPUE,0
13,Illuminated,Total secondary target fish biomass CPUE,0
14,Illuminated,Total secondary target fish biomass CPUE,0
15,Illuminated,Total secondary target fish biomass CPUE,0
16,Illuminated,Total secondary target fish biomass CPUE,1.8221612679999999
17,Illuminated,Total secondary target fish biomass CPUE,0
18,Illuminated,Total secondary target fish biomass CPUE,0.439088647
19,Illuminated,Total secondary target fish biomass CPUE,0
20,Illuminated,Total secondary target fish biomass CPUE,0
21,Illuminated,Total secondary target fish biomass CPUE,0
22,Illuminated,Total secondary target fish biomass CPUE,7.977208547
23,Illuminated,Total secondary target fish biomass CPUE,1.1380153630000001
24,Illuminated,Total secondary target fish biomass CPUE,0
25,Illuminated,Total secondary target fish biomass CPUE,5.8699999999999997E-6
26,Illuminated,Total secondary target fish biomass CPUE,0
27,Illuminated,Total secondary target fish biomass CPUE,5.8337871699999999
28,Illuminated,Total secondary target fish biomass CPUE,0
1,Control,Market value of total target fish value MVPUE,0
2,Control,Market value of total target fish value MVPUE,0
3,Control,Market value of total target fish value MVPUE,0
4,Control,Market value of total target fish value MVPUE,0
5,Control,Market value of total target fish value MVPUE,0
6,Control,Market value of total target fish value MVPUE,0
7,Control,Market value of total target fish value MVPUE,0
8,Control,Market value of total target fish value MVPUE,0
9,Control,Market value of total target fish value MVPUE,0
10,Control,Market value of total target fish value MVPUE,4.1331802525832373
11,Control,Market value of total target fish value MVPUE,17.422867513611617
12,Control,Market value of total target fish value MVPUE,2.3181686467690525
13,Control,Market value of total target fish value MVPUE,0
14,Control,Market value of total target fish value MVPUE,0.58982550995330552
15,Control,Market value of total target fish value MVPUE,0
16,Control,Market value of total target fish value MVPUE,0
17,Control,Market value of total target fish value MVPUE,0
18,Control,Market value of total target fish value MVPUE,0
19,Control,Market value of total target fish value MVPUE,0
20,Control,Market value of total target fish value MVPUE,7.0643210555250135
21,Control,Market value of total target fish value MVPUE,13.335700008489159
22,Control,Market value of total target fish value MVPUE,0.9852591246702499
23,Control,Market value of total target fish value MVPUE,13.726544948264404
24,Control,Market value of total target fish value MVPUE,1.1768551814318404
25,Control,Market value of total target fish value MVPUE,16.137784593606231
26,Control,Market value of total target fish value MVPUE,6.903899424675048
27,Control,Market value of total target fish value MVPUE,54.217857389860988
28,Control,Market value of total target fish value MVPUE,44.602456367162254
1,Illuminated,Market value of total target fish value MVPUE,2.6678523788350401
2,Illuminated,Market value of total target fish value MVPUE,0
3,Illuminated,Market value of total target fish value MVPUE,0
4,Illuminated,Market value of total target fish value MVPUE,0
5,Illuminated,Market value of total target fish value MVPUE,0
6,Illuminated,Market value of total target fish value MVPUE,0.47704233750745401
7,Illuminated,Market value of total target fish value MVPUE,0
8,Illuminated,Market value of total target fish value MVPUE,0
9,Illuminated,Market value of total target fish value MVPUE,0
10,Illuminated,Market value of total target fish value MVPUE,7.6747373229785287
11,Illuminated,Market value of total target fish value MVPUE,3.3677897055506163
12,Illuminated,Market value of total target fish value MVPUE,2.6714753222467102
13,Illuminated,Market value of total target fish value MVPUE,0
14,Illuminated,Market value of total target fish value MVPUE,0
15,Illuminated,Market value of total target fish value MVPUE,0
16,Illuminated,Market value of total target fish value MVPUE,4.0347363321499099
17,Illuminated,Market value of total target fish value MVPUE,0
18,Illuminated,Market value of total target fish value MVPUE,0.21954432355954501
19,Illuminated,Market value of total target fish value MVPUE,2.3679381178838526
20,Illuminated,Market value of total target fish value MVPUE,0
21,Illuminated,Market value of total target fish value MVPUE,1.6826885623919108
22,Illuminated,Market value of total target fish value MVPUE,6.3247863247863254
23,Illuminated,Market value of total target fish value MVPUE,12.460881934566144
24,Illuminated,Market value of total target fish value MVPUE,0
25,Illuminated,Market value of total target fish value MVPUE,30.352517603092977
26,Illuminated,Market value of total target fish value MVPUE,41.691903224732933
27,Illuminated,Market value of total target fish value MVPUE,34.175984443364115
28,Illuminated,Market value of total target fish value MVPUE,43.315664531234752
1,Control,Haulback time per 100 m net,2.8901734104046244
2,Control,Haulback time per 100 m net,8.2051282051282062
3,Control,Haulback time per 100 m net,17.894736842105264
4,Control,Haulback time per 100 m net,10.457516339869281
5,Control,Haulback time per 100 m net,10.404624277456648
6,Control,Haulback time per 100 m net,13.06532663316583
7,Control,Haulback time per 100 m net,8.5561497326203195
8,Control,Haulback time per 100 m net,28.571428571428569
9,Control,Haulback time per 100 m net,12.716763005780347
10,Control,Haulback time per 100 m net,13.846153846153847
11,Control,Haulback time per 100 m net,12.631578947368421
12,Control,Haulback time per 100 m net,15.032679738562091
13,Control,Haulback time per 100 m net,14.450867052023122
14,Control,Haulback time per 100 m net,12.820512820512821
15,Control,Haulback time per 100 m net,8.4210526315789469
16,Control,Haulback time per 100 m net,29.411764705882351
17,Control,Haulback time per 100 m net,7.5144508670520231
18,Control,Haulback time per 100 m net,5.1282051282051286
19,Control,Haulback time per 100 m net,11.052631578947368
20,Control,Haulback time per 100 m net,6.5359477124183005
21,Control,Haulback time per 100 m net,18.497109826589597
22,Control,Haulback time per 100 m net,4.0201005025125625
23,Control,Haulback time per 100 m net,3.2085561497326203
24,Control,Haulback time per 100 m net,2.4844720496894408
25,Control,Haulback time per 100 m net,12.716763005780347
26,Control,Haulback time per 100 m net,8.2051282051282062
27,Control,Haulback time per 100 m net,41.05263157894737
28,Control,Haulback time per 100 m net,20.261437908496731
1,Illuminated,Haulback time per 100 m net,2.3121387283236996
2,Illuminated,Haulback time per 100 m net,3.0150753768844223
3,Illuminated,Haulback time per 100 m net,2.1390374331550799
4,Illuminated,Haulback time per 100 m net,3.1055900621118009
5,Illuminated,Haulback time per 100 m net,4.0462427745664744
6,Illuminated,Haulback time per 100 m net,5.6410256410256414
7,Illuminated,Haulback time per 100 m net,7.8947368421052637
8,Illuminated,Haulback time per 100 m net,9.1503267973856204
9,Illuminated,Haulback time per 100 m net,10.404624277456648
10,Illuminated,Haulback time per 100 m net,3.0150753768844223
11,Illuminated,Haulback time per 100 m net,5.3475935828877006
12,Illuminated,Haulback time per 100 m net,6.8322981366459627
13,Illuminated,Haulback time per 100 m net,9.8265895953757223
14,Illuminated,Haulback time per 100 m net,6.0301507537688446
15,Illuminated,Haulback time per 100 m net,5.8823529411764701
16,Illuminated,Haulback time per 100 m net,3.1055900621118009
17,Illuminated,Haulback time per 100 m net,2.8901734104046244
18,Illuminated,Haulback time per 100 m net,3.0150753768844223
19,Illuminated,Haulback time per 100 m net,2.1390374331550799
20,Illuminated,Haulback time per 100 m net,3.1055900621118009
21,Illuminated,Haulback time per 100 m net,4.6242774566473992
22,Illuminated,Haulback time per 100 m net,5.1282051282051286
23,Illuminated,Haulback time per 100 m net,2.1052631578947367
24,Illuminated,Haulback time per 100 m net,2.6143790849673203
25,Illuminated,Haulback time per 100 m net,7.5144508670520231
26,Illuminated,Haulback time per 100 m net,8.5427135678391952
27,Illuminated,Haulback time per 100 m net,13.90374331550802
28,Illuminated,Haulback time per 100 m net,13.043478260869565
